Int 1,Int 2,HGNC ID,APID,BioGrid,DIP,STRING,HPRD,IntAct,MINT,OPHID I2D,Spectra,GIANT,Mentha,HumanBase,IID,Total
FGFR2,AASDHPPT,14235,0,0,0,1,0,0,0,0,0,0,0,0,0,1
FGFR2,ABCC3,54,0,0,0,0,0,0,0,0,0,1,0,0,0,1
FGFR2,ABL1,76,0,0,0,0,0,0,0,0,0,0,0,0,1,1
FGFR2,ABL2,77,0,0,0,0,0,0,0,0,0,0,0,0,1,1
FGFR2,ACACA,84,0,0,0,1,0,0,0,0,0,0,0,0,0,1
FGFR2,ACACB,85,0,0,0,1,0,0,0,0,0,0,0,0,0,1
FGFR2,ACLY,115,0,0,0,1,0,0,0,0,0,0,0,0,0,1
FGFR2,ACTG2,145,0,0,0,0,0,0,0,0,0,0,0,0,1,1
FGFR2,ACTL6B,160,0,0,0,0,0,0,0,0,0,0,0,0,1,1
FGFR2,ACVR1,171,0,0,0,0,0,0,0,0,0,0,0,0,1,1
FGFR2,ACVR1B,172,0,0,0,0,0,0,0,0,0,0,0,0,1,1
FGFR2,ACVR1C,18123,0,0,0,0,0,0,0,0,0,0,0,0,1,1
FGFR2,ACVR2A,173,0,0,0,0,0,0,0,0,0,0,0,0,1,1
FGFR2,ACVR2B,174,0,0,0,0,0,0,0,0,0,0,0,0,1,1
FGFR2,ADARB1,226,0,0,0,0,0,0,0,0,0,1,0,1,0,2
FGFR2,ADD3,245,0,0,0,0,0,0,0,0,0,1,0,0,0,1
FGFR2,AKT1,391,0,0,0,0,0,0,0,0,0,0,0,0,1,1
FGFR2,AKT2,392,0,0,0,0,0,0,0,0,0,0,0,0,1,1
FGFR2,ALB,399,0,0,0,1,0,0,0,0,0,0,0,0,0,1
FGFR2,ALDH3A2,403,0,0,0,0,0,0,0,0,0,0,0,1,0,1
FGFR2,ALK,427,0,0,0,0,0,0,0,0,0,0,0,0,1,1
FGFR2,ALPI,437,0,0,0,0,0,0,0,0,0,0,0,0,1,1
FGFR2,AMD1,457,0,0,0,0,0,0,0,0,0,0,0,1,0,1
FGFR2,AMHR2,465,0,0,0,0,0,0,0,0,0,0,0,0,1,1
FGFR2,ANGPT1,484,0,0,0,1,0,0,0,0,0,0,0,0,0,1
FGFR2,ANGPT2,485,0,0,0,1,0,0,0,0,0,0,0,0,0,1
FGFR2,ANGPT4,487,0,0,0,1,0,0,0,0,0,0,0,0,0,1
FGFR2,ANK2,493,0,0,0,0,0,0,0,0,0,0,0,0,1,1
FGFR2,ANK3,494,0,0,0,0,0,0,0,0,0,1,0,1,0,2
FGFR2,ANKRD28,29024,0,0,0,1,0,0,0,0,0,0,0,0,0,1
FGFR2,ANKS1A,20961,0,0,0,0,0,0,0,0,0,1,0,1,0,2
FGFR2,ANOS1,6211,1,0,0,1,0,1,0,1,1,0,1,0,1,7
FGFR2,APBB1,581,0,0,0,0,0,0,0,0,0,0,0,0,1,1
FGFR2,APLP2,598,0,0,0,0,0,0,0,0,0,0,0,1,0,1
FGFR2,APP,620,1,1,0,0,0,0,0,1,1,0,1,0,1,6
FGFR2,AQP1,633,0,0,0,0,0,0,0,0,0,0,0,1,0,1
FGFR2,ARAF,646,0,0,0,0,0,0,0,0,0,0,0,0,1,1
FGFR2,ARID1B,18040,0,0,0,1,0,0,0,0,0,0,0,0,1,2
FGFR2,ARMCX6,26094,0,0,0,0,0,0,0,0,0,1,0,1,0,2
FGFR2,ASAP2,2721,0,0,0,0,0,0,0,0,0,0,0,1,0,1
FGFR2,ATF3,785,0,0,0,0,0,0,0,0,0,1,0,0,0,1
FGFR2,ATP1B3,806,0,0,0,0,0,0,0,0,0,0,0,1,0,1
FGFR2,ATRX,886,0,0,0,0,0,0,0,0,0,0,0,1,0,1
FGFR2,AVPR2,897,0,0,0,1,0,0,0,0,0,0,0,0,0,1
FGFR2,AXL,905,0,0,0,0,0,0,0,0,0,0,0,0,1,1
FGFR2,BACE1,933,0,0,0,0,0,0,0,0,0,0,0,1,0,1
FGFR2,BCL11A,13221,1,1,0,0,0,0,0,0,0,0,0,0,0,2
FGFR2,BEX1,1036,1,1,0,0,0,1,1,1,0,0,1,0,1,7
FGFR2,BEX2,30933,1,1,0,0,0,1,1,1,0,0,1,0,1,7
FGFR2,BLK,1057,0,0,0,0,0,0,0,0,0,0,0,0,1,1
FGFR2,BLNK,14211,0,0,0,0,0,0,0,0,0,0,0,0,1,1
FGFR2,BMP2,1069,0,0,0,1,0,0,0,0,0,0,0,0,0,1
FGFR2,BMP4,1071,0,0,0,1,0,0,0,0,0,0,0,0,0,1
FGFR2,BMP7,1074,0,0,0,1,0,0,0,0,0,0,0,0,0,1
FGFR2,BMPR1A,1076,0,0,0,0,0,0,0,0,0,0,0,0,1,1
FGFR2,BMPR1B,1077,0,0,0,0,0,0,0,0,0,0,0,0,1,1
FGFR2,BMPR2,1078,0,0,0,0,0,0,0,0,0,0,0,0,1,1
FGFR2,BMX,1079,0,0,0,0,0,0,0,0,0,0,0,0,1,1
FGFR2,BPTF,3581,0,0,0,0,0,0,0,0,0,1,0,1,0,2
FGFR2,BRAF,1097,0,1,0,0,0,0,0,0,0,0,0,0,1,2
FGFR2,BRSK1,18994,0,0,0,0,0,0,0,0,0,0,0,0,1,1
FGFR2,BSG,1116,0,0,0,1,0,0,0,0,0,0,0,0,0,1
FGFR2,BTK,1133,0,0,0,0,0,0,0,0,0,0,0,0,1,1
FGFR2,C1orf116,28667,0,0,0,0,0,0,0,0,0,0,0,0,1,1
FGFR2,C8orf74,32296,0,1,0,1,0,0,0,0,0,0,0,0,1,3
FGFR2,CA2,1373,0,0,0,0,0,0,0,0,0,1,0,1,0,2
FGFR2,CACNA1D,1391,1,0,0,1,1,0,0,0,1,0,0,0,1,5
FGFR2,CAD,1424,0,0,0,1,0,0,0,0,0,0,0,0,0,1
FGFR2,CALD1,1441,0,0,0,0,0,0,0,0,0,0,0,1,0,1
FGFR2,CALM1,1442,0,0,0,0,0,0,0,0,0,1,0,0,0,1
FGFR2,CAMK2A,1460,0,0,0,0,0,0,0,0,0,0,0,0,1,1
FGFR2,CAMK2B,1461,0,0,0,0,0,0,0,0,0,0,0,0,1,1
FGFR2,CAMK2D,1462,0,0,0,0,0,0,0,0,0,0,0,0,1,1
FGFR2,CAMK2G,1463,0,0,0,0,0,0,0,0,0,0,0,0,1,1
FGFR2,CAMLG,1471,0,0,0,0,0,0,0,0,0,1,0,1,0,2
FGFR2,CAPG,1474,0,0,0,0,0,0,0,0,0,1,0,0,0,1
FGFR2,CARD10,16422,0,0,0,1,0,0,0,0,0,0,0,0,0,1
FGFR2,CARD14,16446,0,0,0,1,0,0,0,0,0,0,0,0,0,1
FGFR2,CASK,1497,0,0,0,0,0,0,0,0,0,0,0,0,1,1
FGFR2,CAV1,1527,0,0,0,0,0,0,0,0,0,1,0,0,0,1
FGFR2,CBFB,1539,0,0,0,0,0,0,0,0,0,0,0,1,0,1
FGFR2,CBL,1541,1,1,0,1,1,0,0,1,1,0,1,0,1,8
FGFR2,CBLB,1542,0,0,0,1,0,0,0,0,0,0,0,0,1,2
FGFR2,CBLC,15961,0,0,0,1,0,0,0,0,0,0,0,0,0,1
FGFR2,CCDC120,28910,1,1,0,0,0,0,0,0,0,0,0,0,0,2
FGFR2,CCNB1,1579,0,0,0,0,0,0,0,0,0,1,0,1,0,2
FGFR2,CCND1,1582,0,0,0,1,0,0,0,0,0,0,0,0,0,1
FGFR2,CCNE1,1589,0,0,0,0,0,0,0,1,0,0,0,0,0,1
FGFR2,CD22,1643,0,0,0,0,0,0,0,0,0,0,0,0,1,1
FGFR2,CD36,1663,0,0,0,0,0,0,0,0,0,0,0,1,0,1
FGFR2,CD44,1681,1,1,0,0,0,0,0,0,0,0,0,1,0,3
FGFR2,CD83,1703,1,1,0,0,0,0,0,0,0,0,0,0,0,2
FGFR2,CDC42BPA,1737,0,0,0,0,0,0,0,0,0,0,0,0,1,1
FGFR2,CDC42BPB,1738,0,0,0,0,0,0,0,0,0,0,0,0,1,1
FGFR2,CDC42BPG,29829,0,0,0,0,0,0,0,0,0,0,0,0,1,1
FGFR2,CDC42EP4,17147,0,0,0,0,0,0,0,0,0,0,0,0,1,1
FGFR2,CDH1,1748,0,0,0,1,0,0,0,0,0,0,0,0,0,1
FGFR2,CDH15,1754,0,0,0,0,0,0,0,0,0,1,0,0,0,1
FGFR2,CDK10,1770,0,0,0,0,0,0,0,0,0,0,0,0,1,1
FGFR2,CDK13,1733,0,0,0,0,0,0,0,0,0,0,0,0,1,1
FGFR2,CDK16,8749,0,0,0,0,0,0,0,0,0,0,0,0,1,1
FGFR2,CDK18,8751,0,0,0,0,0,0,0,0,0,0,0,0,1,1
FGFR2,CDK19,19338,0,0,0,0,0,0,0,0,0,0,0,0,1,1
FGFR2,CDK5,1774,0,0,0,0,0,0,0,0,1,0,0,0,0,1
FGFR2,CDK8,1779,0,0,0,0,0,0,0,0,0,0,0,0,1,1
FGFR2,CDK9,1780,0,0,0,0,0,0,0,0,1,0,0,0,1,2
FGFR2,CDKN2A,1787,0,0,0,1,0,0,0,0,0,0,0,0,0,1
FGFR2,CDS1,1800,0,0,0,0,0,0,0,0,0,0,0,1,0,1
FGFR2,CEP295,29366,1,1,0,0,0,0,0,0,0,0,0,0,0,2
FGFR2,CHERP,16930,1,1,0,0,0,0,0,0,0,0,0,0,0,2
FGFR2,CHL1,1939,0,0,0,0,0,0,0,0,0,1,0,0,0,1
FGFR2,CLK4,13659,0,0,0,0,0,0,0,0,0,0,0,0,1,1
FGFR2,COL4A5,2207,0,0,0,0,0,0,0,0,0,1,0,1,0,2
FGFR2,CPD,2301,0,0,0,0,0,0,0,0,0,0,0,1,0,1
FGFR2,CRK,2362,0,0,0,1,0,0,0,0,0,0,0,0,1,2
FGFR2,CRKL,2363,0,0,0,1,0,0,0,0,0,0,0,0,0,1
FGFR2,CRYBB3,2400,0,0,0,0,0,0,0,0,0,0,0,0,1,1
FGFR2,CRYBG2,17295,0,0,0,0,0,0,0,0,0,0,0,0,1,1
FGFR2,CSF1,2432,0,0,0,1,0,0,0,0,0,0,0,0,0,1
FGFR2,CSF1R,2433,0,0,0,0,0,0,0,0,0,0,0,0,1,1
FGFR2,CSHL1,2442,0,0,0,0,0,0,0,0,0,0,0,0,1,1
FGFR2,CSK,2444,0,0,0,0,0,0,0,0,0,0,0,0,1,1
FGFR2,CSNK2A1,2457,0,0,0,0,0,0,0,0,0,0,0,0,1,1
FGFR2,CSNK2A2,2459,0,0,0,0,0,0,0,0,0,0,0,0,1,1
FGFR2,CST3,2475,0,0,0,0,0,0,0,0,0,0,0,1,0,1
FGFR2,CST6,2478,0,0,0,0,0,0,0,0,0,1,0,0,0,1
FGFR2,CTDNEP1,19085,0,0,0,0,0,0,0,0,0,0,0,0,1,1
FGFR2,CTDSP1,21614,0,1,0,0,0,0,0,0,0,0,0,0,0,1
FGFR2,CTDSPL,16890,0,1,0,0,0,0,0,0,0,0,0,0,1,2
FGFR2,CTDSPL2,26936,0,0,0,0,0,0,0,0,0,0,0,0,1,1
FGFR2,CTGF,2500,1,0,0,1,0,1,1,1,1,0,1,0,1,8
FGFR2,CTNNB1,2514,0,0,0,1,0,0,0,0,0,0,0,0,0,1
FGFR2,CYP51A1,2649,0,0,0,1,0,0,0,0,0,0,0,0,0,1
FGFR2,DAB2,2662,0,0,0,0,0,0,0,0,0,0,0,0,1,1
FGFR2,DAPK1,2674,0,0,0,0,0,0,0,0,0,0,0,0,1,1
FGFR2,DAPK2,2675,0,0,0,0,0,0,0,0,0,0,0,0,1,1
FGFR2,DAPK3,2676,0,0,0,0,0,0,0,0,0,0,0,0,1,1
FGFR2,DBN1,2695,0,0,0,0,0,0,0,0,0,1,0,1,0,2
FGFR2,DCAF6,30002,0,0,0,0,0,0,0,0,0,1,0,1,0,2
FGFR2,DCLK1,2700,0,0,0,0,0,0,0,0,0,0,0,0,1,1
FGFR2,DCLK3,19005,0,0,0,0,0,0,0,0,0,0,0,0,1,1
FGFR2,DDHD2,29106,0,0,0,0,0,0,0,0,0,0,0,0,1,1
FGFR2,DDR1,2730,0,0,0,0,0,0,0,0,0,1,0,0,1,2
FGFR2,DDR2,2731,0,0,0,0,0,0,0,0,0,0,0,0,1,1
FGFR2,DLG1,2900,0,0,0,1,0,0,0,0,0,0,0,0,0,1
FGFR2,DLGAP2,2906,0,0,0,0,0,0,0,0,0,0,0,0,1,1
FGFR2,DNAJB2,5228,0,0,0,0,0,0,0,0,0,1,0,0,0,1
FGFR2,DNAJC10,24637,0,0,0,1,0,0,0,0,0,0,0,0,0,1
FGFR2,DNAJC30,16410,1,1,0,0,0,0,0,0,0,0,0,0,0,2
FGFR2,DNM3,29125,0,0,0,0,0,0,0,0,0,0,0,0,1,1
FGFR2,DOCK1,2987,0,0,0,0,0,0,0,0,0,0,0,0,1,1
FGFR2,DPH3,27717,0,0,0,0,0,0,0,0,0,0,0,1,0,1
FGFR2,DPYSL3,3015,0,0,0,0,0,0,0,0,0,1,0,0,0,1
FGFR2,DUSP14,17007,0,1,0,0,0,0,0,0,0,0,0,0,0,1
FGFR2,E2F1,3113,0,0,0,0,0,0,0,1,0,0,0,0,0,1
FGFR2,EFNA1,3221,0,0,0,1,0,0,0,0,0,0,0,0,0,1
FGFR2,EFNA2,3222,0,0,0,1,0,0,0,0,0,0,0,0,0,1
FGFR2,EFNA4,3224,0,0,0,1,0,0,0,0,0,0,0,0,0,1
FGFR2,EFNA5,3225,0,0,0,1,0,0,0,0,0,0,0,0,0,1
FGFR2,EFNB1,3226,0,0,0,1,0,0,0,0,0,0,0,0,0,1
FGFR2,EFS,16898,0,0,0,0,0,0,0,0,0,0,0,0,1,1
FGFR2,EGF,3229,0,0,0,1,0,0,0,0,0,0,0,0,0,1
FGFR2,EGFR,3236,0,0,0,0,0,0,0,0,0,0,0,1,1,2
FGFR2,EHMT1,24650,0,0,0,1,0,0,0,0,0,0,0,0,0,1
FGFR2,EHMT2,14129,0,0,0,1,0,0,0,0,0,0,0,0,0,1
FGFR2,ENAH,18271,0,0,0,1,0,0,0,0,0,0,0,0,0,1
FGFR2,EPB41L1,3378,0,0,0,0,0,0,0,0,0,0,0,1,0,1
FGFR2,EPHA1,3385,0,0,0,0,0,0,0,0,0,0,0,0,1,1
FGFR2,EPHA10,19987,0,0,0,0,0,0,0,0,0,0,0,0,1,1
FGFR2,EPHA2,3386,0,0,0,0,0,0,0,0,0,0,0,0,1,1
FGFR2,EPHA3,3387,0,0,0,0,0,0,0,0,0,0,0,0,1,1
FGFR2,EPHA4,3388,1,0,0,0,1,0,0,0,1,0,0,0,1,4
FGFR2,EPHA5,3389,0,0,0,0,0,0,0,0,0,0,0,0,1,1
FGFR2,EPHA7,3390,0,0,0,0,0,0,0,0,0,0,0,0,1,1
FGFR2,EPHA8,3391,0,0,0,0,0,0,0,0,0,0,0,0,1,1
FGFR2,EPHB1,3392,0,0,0,0,0,0,0,0,0,0,0,0,1,1
FGFR2,EPHB2,3393,0,0,0,0,0,0,0,0,0,0,0,0,1,1
FGFR2,EPHB3,3394,0,0,0,0,0,0,0,0,0,1,0,1,1,3
FGFR2,EPHB4,3395,0,0,0,0,0,0,0,0,0,0,0,0,1,1
FGFR2,EPN1,21604,0,0,0,1,0,0,0,0,0,0,0,0,0,1
FGFR2,EPN2,18639,0,0,0,1,0,0,0,0,0,0,0,1,0,2
FGFR2,EPN3,18235,0,0,0,1,0,0,0,0,0,0,0,0,0,1
FGFR2,EPS15,3419,0,0,0,1,0,0,0,0,0,0,0,0,0,1
FGFR2,EPS15L1,24634,0,0,0,1,0,0,0,0,0,0,0,0,0,1
FGFR2,ERBB2,3430,0,0,0,0,0,0,0,0,0,0,0,0,1,1
FGFR2,ERBB3,3431,0,0,0,0,0,0,0,0,0,0,0,0,1,1
FGFR2,ERBB4,3432,0,0,0,0,0,0,0,0,0,0,0,0,1,1
FGFR2,ERRFI1,18185,1,1,0,0,0,1,1,1,0,0,1,0,1,7
FGFR2,ESR1,3467,0,0,0,1,0,0,0,1,0,0,0,0,0,2
FGFR2,ESRP1,25966,0,0,0,1,0,0,0,0,0,0,0,0,0,1
FGFR2,ESRP2,26152,0,0,0,1,0,0,0,0,0,0,0,0,0,1
FGFR2,FAM114A1,25087,0,0,0,0,0,0,0,0,0,1,0,1,0,2
FGFR2,FAM171B,29412,1,1,0,0,0,0,0,0,0,0,0,0,0,2
FGFR2,FAT4,23109,0,0,0,0,0,0,0,0,0,0,0,0,1,1
FGFR2,FCGRT,3621,0,1,0,0,0,0,0,0,0,0,0,0,0,1
FGFR2,FDFT1,3629,0,0,0,0,0,0,0,0,0,0,0,1,0,1
FGFR2,FER,3655,0,0,0,0,0,0,0,0,0,0,0,0,1,1
FGFR2,FERMT2,15767,0,0,0,0,0,0,0,0,0,1,0,0,0,1
FGFR2,FES,3657,0,0,0,0,0,0,0,0,0,0,0,0,1,1
FGFR2,FGF1,3665,1,1,1,1,1,1,1,1,1,1,1,1,1,13
FGFR2,FGF10,3666,1,1,1,1,1,1,0,1,1,0,1,1,1,11
FGFR2,FGF11,3667,0,0,0,1,0,0,0,0,0,0,0,0,1,2
FGFR2,FGF12,3668,0,0,0,1,0,0,0,0,0,0,0,0,1,2
FGFR2,FGF13,3670,0,0,0,1,0,0,0,0,0,0,0,0,1,2
FGFR2,FGF14,3671,0,0,0,1,0,0,0,0,0,0,0,0,1,2
FGFR2,FGF16,3672,0,0,0,1,0,0,0,0,0,0,0,0,1,2
FGFR2,FGF17,3673,1,1,0,1,1,0,0,0,1,0,0,0,1,6
FGFR2,FGF18,3674,1,0,0,1,1,0,0,0,1,0,0,0,1,5
FGFR2,FGF19,3675,0,0,0,1,0,0,0,0,0,0,0,0,1,2
FGFR2,FGF2,3676,1,1,1,1,0,1,0,1,1,0,1,0,1,9
FGFR2,FGF20,3677,0,0,0,1,0,0,0,0,0,0,0,0,1,2
FGFR2,FGF21,3678,0,0,0,1,0,0,0,0,0,0,0,0,1,2
FGFR2,FGF22,3679,0,0,0,1,0,0,0,0,0,0,0,0,1,2
FGFR2,FGF23,3680,1,1,0,1,1,1,0,1,1,0,1,0,1,9
FGFR2,FGF3,3681,1,1,1,1,1,0,0,1,1,0,1,0,1,9
FGFR2,FGF4,3682,1,0,0,1,1,0,0,1,1,0,0,0,1,6
FGFR2,FGF5,3683,1,1,0,1,1,1,0,1,1,0,1,0,1,9
FGFR2,FGF6,3684,1,1,0,1,1,0,0,1,1,0,1,0,1,8
FGFR2,FGF7,3685,1,1,1,1,1,1,0,1,1,0,1,0,1,10
FGFR2,FGF8,3686,1,1,0,1,1,1,0,1,1,0,1,0,1,9
FGFR2,FGF9,3687,1,1,0,1,1,0,0,1,1,0,1,0,1,8
FGFR2,FGFBP1,19695,0,0,0,0,0,0,0,0,0,0,0,0,1,1
FGFR2,FGFR1,3688,1,1,0,1,0,0,0,0,0,0,0,0,1,4
FGFR2,FGFR2,3689,1,1,1,0,0,1,0,1,0,0,1,0,1,7
FGFR2,FGFR3,3690,1,1,1,1,0,0,0,1,1,0,0,0,1,7
FGFR2,FGFR4,3691,0,0,0,0,0,0,0,0,0,0,0,0,1,1
FGFR2,FGFRL1,3693,0,0,0,1,0,0,0,0,0,0,0,0,1,2
FGFR2,FLNA,3754,0,0,0,0,0,0,0,0,0,0,0,0,1,1
FGFR2,FLNC,3756,0,0,0,0,0,0,0,0,0,0,0,0,1,1
FGFR2,FLRT2,3761,0,0,0,1,0,0,0,0,0,0,0,0,0,1
FGFR2,FLT1,3763,0,0,0,1,0,0,0,0,0,0,0,0,1,2
FGFR2,FLT3,3765,0,0,0,0,0,0,0,0,0,0,0,0,1,1
FGFR2,FLT4,3767,0,0,0,0,0,0,0,0,0,0,0,0,1,1
FGFR2,FN1,3778,0,0,0,0,0,0,0,0,0,1,0,1,1,3
FGFR2,FOXA1,5021,0,0,0,0,0,0,0,1,0,0,0,0,0,1
FGFR2,FOXN3,1928,0,0,0,0,0,0,0,0,0,0,0,1,0,1
FGFR2,FOXO3,3821,0,0,0,0,0,0,0,0,0,1,0,0,0,1
FGFR2,FRK,3955,0,0,0,0,0,0,0,0,0,0,0,0,1,1
FGFR2,FRS2,16971,1,1,0,1,0,0,0,1,1,0,1,0,1,7
FGFR2,FRS3,16970,0,0,0,0,0,0,0,0,0,0,0,0,1,1
FGFR2,FRZB,3959,0,0,0,0,0,0,0,0,0,0,0,1,0,1
FGFR2,FURIN,8568,0,0,0,1,0,0,0,0,0,0,0,0,0,1
FGFR2,FYN,4037,1,1,0,0,1,0,0,1,1,0,1,0,1,7
FGFR2,GAB1,4066,0,0,0,1,0,0,0,0,0,0,0,0,1,2
FGFR2,GAB2,14458,0,0,0,0,0,0,0,0,0,0,0,0,1,1
FGFR2,GAB3,17515,0,0,0,0,0,0,0,0,0,0,0,0,1,1
FGFR2,GAPDH,4141,0,0,0,1,0,0,0,0,0,0,0,0,0,1
FGFR2,GAPVD1,23375,1,1,0,0,0,0,0,0,0,0,0,0,0,2
FGFR2,GART,4163,0,0,0,1,0,0,0,0,0,0,0,0,0,1
FGFR2,GAS6,4168,0,0,0,0,0,0,0,0,0,0,0,1,0,1
FGFR2,GFRA4,13821,0,0,0,0,0,0,0,0,0,0,0,0,1,1
FGFR2,GIPC1,1226,0,0,0,0,0,0,0,0,0,0,0,0,1,1
FGFR2,GLCE,17855,1,1,0,0,0,1,1,1,0,0,1,0,1,7
FGFR2,GLG1,4316,0,0,0,0,0,0,0,0,0,1,0,0,0,1
FGFR2,GMFB,4373,0,0,0,0,0,0,0,0,0,0,0,1,0,1
FGFR2,GNAI1,4384,0,0,0,0,0,0,0,0,0,1,0,0,0,1
FGFR2,GNAI3,4387,0,0,0,0,0,0,0,0,0,0,0,1,0,1
FGFR2,GOLGA3,4426,1,1,0,0,0,0,0,0,0,0,0,0,0,2
FGFR2,GPC1,4449,0,0,0,0,0,0,0,0,0,0,0,1,0,1
FGFR2,GPC5,4453,0,0,0,0,0,0,0,1,0,0,0,0,1,2
FGFR2,GRAP2,4563,0,0,0,0,0,0,0,0,0,0,0,0,1,1
FGFR2,GRB10,4564,0,0,0,0,0,0,0,0,0,0,0,0,1,1
FGFR2,GRB14,4565,0,0,0,0,0,0,0,0,0,0,0,0,1,1
FGFR2,GRB2,4566,1,0,1,1,0,1,0,1,1,0,1,0,1,8
FGFR2,GRK2,289,0,0,0,0,0,0,0,0,0,0,0,0,1,1
FGFR2,GRK3,290,0,0,0,0,0,0,0,0,0,0,0,0,1,1
FGFR2,GRK7,17031,0,0,0,0,0,0,0,0,0,0,0,0,1,1
FGFR2,GSK3A,4616,0,0,0,0,0,0,0,0,0,0,0,0,1,1
FGFR2,GTF2F1,4652,0,0,0,1,0,0,0,0,0,0,0,0,0,1
FGFR2,GTF2F2,4653,0,0,0,1,0,0,0,0,0,0,0,0,0,1
FGFR2,GUK1,4693,0,0,0,1,0,0,0,0,0,0,0,0,0,1
FGFR2,H2AFX,4739,0,0,0,0,0,0,0,0,0,1,0,0,0,1
FGFR2,HACE1,21033,0,0,0,1,0,0,0,0,0,0,0,0,0,1
FGFR2,HBZ,4835,0,0,0,0,0,0,0,0,0,0,0,0,1,1
FGFR2,HCK,4840,0,0,0,0,0,0,0,0,0,1,0,0,1,2
FGFR2,HCN2,4846,0,0,0,0,0,0,0,0,0,0,0,0,1,1
FGFR2,HGF,4893,0,0,0,1,0,0,0,0,0,0,0,0,0,1
FGFR2,HGS,4897,1,1,0,0,0,0,0,1,1,0,1,0,1,6
FGFR2,HIPK1,19006,0,0,0,0,0,0,0,0,0,0,0,0,1,1
FGFR2,HIPK2,14402,0,0,0,0,0,0,0,0,0,0,0,0,1,1
FGFR2,HNRNPA1,5031,0,0,0,1,0,0,0,0,0,0,0,0,0,1
FGFR2,HNRNPC,5035,0,0,0,0,0,0,0,0,0,0,0,1,0,1
FGFR2,HNRNPK,5044,0,0,0,0,0,0,0,0,0,1,0,1,0,2
FGFR2,HOXC6,5128,1,1,0,0,0,1,1,1,0,0,1,0,1,7
FGFR2,HRAS,5173,0,0,0,1,0,0,0,0,0,0,0,0,0,1
FGFR2,HSPA4,5237,0,0,0,0,0,0,0,0,0,0,0,1,0,1
FGFR2,HSPG2,5273,0,0,0,0,0,0,0,0,0,0,0,0,1,1
FGFR2,ICK,21219,0,0,0,0,0,0,0,0,0,0,0,0,1,1
FGFR2,ICOSLG,17087,0,0,0,0,0,0,0,0,0,0,0,0,1,1
FGFR2,ID4,5363,0,0,0,0,0,0,0,0,0,1,0,0,0,1
FGFR2,IFFO2,27006,1,1,0,0,0,0,0,0,0,0,0,0,0,2
FGFR2,IGF1,5464,0,0,0,1,0,0,0,0,0,0,0,0,0,1
FGFR2,IGF1R,5465,0,0,0,0,0,0,0,0,0,0,0,0,1,1
FGFR2,IGSF11,16669,0,0,0,0,0,0,0,0,0,0,0,0,1,1
FGFR2,IHH,5956,0,0,0,1,0,0,0,0,0,0,0,0,0,1
FGFR2,IL13RA1,5974,0,0,0,0,0,0,0,0,0,1,0,0,0,1
FGFR2,IL18,5986,0,0,0,0,0,0,0,0,0,0,0,0,1,1
FGFR2,IL1B,5992,0,0,0,0,0,0,0,0,0,0,0,0,1,1
FGFR2,ILK,6040,0,0,0,0,0,0,0,0,0,0,0,0,1,1
FGFR2,ILKAP,15566,0,0,0,1,0,0,0,0,0,0,0,0,0,1
FGFR2,INO80,26956,0,0,0,0,0,0,0,0,0,0,0,0,1,1
FGFR2,INS,6081,0,0,0,1,0,0,0,0,0,0,0,0,1,2
FGFR2,INSR,6091,0,0,0,0,0,0,0,0,0,0,0,0,1,1
FGFR2,INSRR,6093,0,0,0,0,0,0,0,0,0,0,0,0,1,1
FGFR2,IP6K1,18360,1,1,0,0,0,0,0,0,0,0,0,0,0,2
FGFR2,IRS1,6125,0,0,0,1,0,0,0,0,0,0,0,0,1,2
FGFR2,IRS4,6128,0,0,0,0,0,0,0,0,0,0,0,0,1,1
FGFR2,ITCH,13890,0,0,0,1,0,0,0,0,0,0,0,0,0,1
FGFR2,ITGA2B,6138,0,0,0,0,0,0,0,0,0,0,0,0,1,1
FGFR2,ITGA5,6141,1,1,0,1,1,0,0,1,1,0,1,0,1,8
FGFR2,ITGB3,6156,0,0,0,0,0,0,0,0,0,0,0,0,1,1
FGFR2,ITGB5,6160,0,0,0,0,0,0,0,0,0,0,0,0,1,1
FGFR2,ITK,6171,0,0,0,0,0,0,0,0,0,0,0,0,1,1
FGFR2,ITM2C,6175,0,0,0,0,0,0,0,0,0,1,0,0,0,1
FGFR2,ITPKB,6179,0,0,0,0,0,0,0,0,0,1,0,0,0,1
FGFR2,ITPR1,6180,0,0,0,0,0,0,0,0,0,0,0,0,1,1
FGFR2,ITPR3,6182,0,0,0,0,0,0,0,0,0,1,0,1,0,2
FGFR2,JAK1,6190,0,0,0,1,0,0,0,0,0,1,0,0,1,3
FGFR2,JAK2,6192,0,0,0,1,0,0,0,0,0,0,0,0,1,2
FGFR2,JAK3,6193,0,0,0,0,0,0,0,0,0,0,0,0,1,1
FGFR2,KAZALD1,25460,0,0,0,0,0,0,0,0,0,0,0,0,1,1
FGFR2,KDM7A,22224,0,0,0,0,0,0,0,0,0,1,0,0,0,1
FGFR2,KDR,6307,0,0,0,0,0,0,0,0,0,0,0,0,1,1
FGFR2,KHDRBS1,18116,0,0,0,0,0,0,0,0,0,0,0,0,1,1
FGFR2,KIDINS220,29508,1,1,0,0,0,0,0,0,0,0,0,0,0,2
FGFR2,KIF1B,16636,0,0,0,1,0,0,0,0,0,0,0,0,0,1
FGFR2,KIT,6342,0,0,0,0,0,0,0,0,0,0,0,0,1,1
FGFR2,KITLG,6343,0,0,0,1,0,0,0,0,0,0,0,0,0,1
FGFR2,KL,6344,0,0,0,0,0,0,0,1,0,0,0,0,0,1
FGFR2,KLK13,6361,0,0,0,0,0,0,0,0,0,0,0,0,1,1
FGFR2,KRAS,6407,0,0,0,1,0,0,0,1,0,0,0,0,0,2
FGFR2,KRT17,6427,0,0,0,0,0,0,0,0,0,0,0,0,1,1
FGFR2,KRT8,6446,0,0,0,0,0,0,0,0,0,1,0,0,1,2
FGFR2,LAMA5,6485,0,0,0,0,0,0,0,0,0,1,0,1,0,2
FGFR2,LAPTM4B,13646,1,0,0,1,0,1,0,0,0,0,1,0,1,5
FGFR2,LATS1,6514,0,0,0,0,0,0,0,0,0,0,0,0,1,1
FGFR2,LCK,6524,0,0,0,0,0,0,0,0,0,0,0,0,1,1
FGFR2,LGALS8,6569,0,0,0,0,0,0,0,0,0,0,0,0,1,1
FGFR2,LIMK1,6613,0,0,0,0,0,0,0,0,0,0,0,0,1,1
FGFR2,LIMK2,6614,0,0,0,0,0,0,0,0,0,0,0,0,1,1
FGFR2,LITAF,16841,1,1,0,0,0,0,0,0,0,0,0,0,0,2
FGFR2,LLGL1,6628,0,0,0,1,0,0,0,0,0,0,0,0,0,1
FGFR2,LMTK2,17880,0,0,0,0,0,0,0,0,0,0,0,0,1,1
FGFR2,LRGUK,21964,0,0,0,1,0,0,0,0,0,0,0,0,0,1
FGFR2,LRRFIP2,6703,0,0,0,0,0,0,0,0,0,1,0,1,0,2
FGFR2,LRRIQ1,25708,1,1,0,0,0,0,0,0,0,0,0,0,0,2
FGFR2,LRRK1,18608,1,0,0,0,0,1,0,1,0,0,1,0,1,5
FGFR2,LRRK2,18618,0,0,0,1,0,0,0,0,0,0,0,0,0,1
FGFR2,LSP1,6707,0,0,0,1,0,0,0,0,0,0,0,0,0,1
FGFR2,LTK,6721,0,0,0,0,0,0,0,0,0,0,0,0,1,1
FGFR2,LYN,6735,1,1,0,1,1,0,0,1,1,0,1,0,1,8
FGFR2,MACC1,30215,0,0,0,0,0,0,0,0,0,1,0,0,0,1
FGFR2,MAMLD1,2568,0,0,0,0,0,0,0,0,0,1,0,0,0,1
FGFR2,MANF,15461,0,0,0,0,0,0,0,0,0,1,0,1,0,2
FGFR2,MAP2K1,6840,0,0,0,0,0,0,0,0,0,0,0,0,1,1
FGFR2,MAP2K4,6844,0,0,0,0,0,0,0,0,0,0,0,0,1,1
FGFR2,MAP2K5,6845,0,0,0,0,0,0,0,0,0,0,0,0,1,1
FGFR2,MAP3K1,6848,0,1,0,0,0,0,0,0,0,0,0,0,1,2
FGFR2,MAP3K11,6850,0,0,0,0,0,0,0,0,0,0,0,0,1,1
FGFR2,MAP3K12,6851,0,0,0,0,0,0,0,0,0,0,0,0,1,1
FGFR2,MAP3K13,6852,0,0,0,0,0,0,0,0,0,0,0,0,1,1
FGFR2,MAP3K19,26249,0,0,0,0,0,0,0,0,0,0,0,0,1,1
FGFR2,MAP3K2,6854,0,0,0,0,0,0,0,0,0,0,0,0,1,1
FGFR2,MAP3K20,17797,0,0,0,0,0,0,0,0,0,0,0,0,1,1
FGFR2,MAP3K3,6855,0,0,0,0,0,0,0,0,0,0,0,0,1,1
FGFR2,MAP3K5,6857,0,0,0,0,0,0,0,0,0,0,0,0,1,1
FGFR2,MAP3K7,6859,0,0,0,0,0,0,0,0,0,0,0,0,1,1
FGFR2,MAP3K8,6860,0,0,0,0,0,0,0,0,0,0,0,0,1,1
FGFR2,MAP3K9,6861,0,0,0,0,0,0,0,0,0,0,0,0,1,1
FGFR2,MAP4K1,6863,0,0,0,0,0,0,0,0,0,0,0,0,1,1
FGFR2,MAP4K2,6864,0,0,0,0,0,0,0,0,0,0,0,0,1,1
FGFR2,MAP4K3,6865,0,0,0,0,0,0,0,0,0,0,0,0,1,1
FGFR2,MAP4K4,6866,0,0,0,0,0,0,0,0,0,0,0,0,1,1
FGFR2,MAP4K5,6867,0,0,0,0,0,0,0,0,0,0,0,0,1,1
FGFR2,MAPK3,6877,0,0,0,1,0,0,0,0,0,0,0,0,0,1
FGFR2,MAPK8IP2,6883,0,0,0,0,0,0,0,0,0,0,0,0,1,1
FGFR2,MARCKS,6759,0,0,0,0,0,0,0,0,0,1,0,1,0,2
FGFR2,MARK1,6896,0,0,0,0,0,0,0,0,0,0,0,0,1,1
FGFR2,MARK2,3332,0,0,0,0,0,0,0,0,0,0,0,0,1,1
FGFR2,MARK3,6897,0,0,0,0,0,0,0,0,0,0,0,0,1,1
FGFR2,MARK4,13538,0,0,0,0,0,0,0,0,0,0,0,0,1,1
FGFR2,MAST1,19034,0,0,0,0,0,0,0,0,0,0,0,0,1,1
FGFR2,MAST3,19036,0,0,0,0,0,0,0,0,0,0,0,0,1,1
FGFR2,MAST4,19037,0,0,0,0,0,0,0,0,0,0,0,0,1,1
FGFR2,MATK,6906,0,0,0,0,0,0,0,0,0,0,0,0,1,1
FGFR2,MBOAT4,32311,0,0,0,1,0,0,0,0,0,0,0,0,0,1
FGFR2,MDM2,6973,0,0,0,1,0,0,0,0,0,0,0,0,0,1
FGFR2,MED22,11477,0,0,0,0,0,0,0,0,0,0,0,0,1,1
FGFR2,MERTK,7027,0,0,0,0,0,0,0,0,0,0,0,0,1,1
FGFR2,MET,7029,0,0,0,0,0,0,0,0,0,0,0,0,1,1
FGFR2,MINK1,17565,0,0,0,0,0,0,0,0,0,0,0,0,1,1
FGFR2,MKNK1,7110,0,0,0,0,0,0,0,0,0,0,0,0,1,1
FGFR2,MLKL,26617,0,0,0,0,0,0,0,0,0,0,0,0,1,1
FGFR2,MMP14,7160,1,0,1,1,0,0,0,1,1,0,0,0,1,6
FGFR2,MPP1,7219,0,0,0,1,0,0,0,0,0,0,0,0,0,1
FGFR2,MPP2,7220,0,0,0,1,0,0,0,0,0,0,0,0,0,1
FGFR2,MPP3,7221,0,0,0,1,0,0,0,0,0,0,0,0,0,1
FGFR2,MPP4,13680,0,0,0,1,0,0,0,0,0,0,0,0,0,1
FGFR2,MPP5,18669,0,0,0,1,0,0,0,0,0,0,0,0,0,1
FGFR2,MPP6,18167,0,0,0,1,0,0,0,0,0,0,0,0,0,1
FGFR2,MPP7,26542,0,0,0,1,0,0,0,0,0,0,0,0,0,1
FGFR2,MRAP2,21232,1,1,0,0,0,0,0,0,0,0,0,0,0,2
FGFR2,MRE11,7230,0,0,0,1,0,0,0,0,0,0,0,0,0,1
FGFR2,MRPS9,14501,0,0,0,0,0,0,0,0,0,0,0,1,0,1
FGFR2,MSL3,7370,0,0,0,0,0,0,0,0,0,0,0,1,0,1
FGFR2,MST1R,7381,0,0,0,0,0,0,0,0,0,0,0,0,1,1
FGFR2,MSX2,7392,0,0,0,1,0,0,0,0,0,0,0,0,0,1
FGFR2,MTA3,23784,1,1,0,0,0,1,1,1,0,0,1,0,1,7
FGFR2,MTMR3,7451,0,1,0,0,0,0,0,0,0,0,0,0,1,2
FGFR2,MTMR4,7452,0,0,0,0,0,0,0,0,0,0,0,0,1,1
FGFR2,MTMR6,7453,0,0,0,0,0,0,0,0,0,1,0,1,0,2
FGFR2,MTOR,3942,0,0,0,1,0,0,0,0,0,0,0,0,0,1
FGFR2,MUSK,7525,0,0,0,0,0,0,0,0,0,0,0,0,1,1
FGFR2,MYC,7553,0,0,0,1,0,0,0,0,0,0,0,0,0,1
FGFR2,MYH14,23212,0,0,0,0,0,0,0,0,0,0,0,0,1,1
FGFR2,MYLK,7590,0,0,0,0,0,0,0,0,0,0,0,0,1,1
FGFR2,MYLK3,29826,0,0,0,0,0,0,0,0,0,0,0,0,1,1
FGFR2,MYPN,23246,0,0,0,0,0,0,0,0,0,0,0,0,1,1
FGFR2,NAV3,15998,0,0,0,0,0,0,0,0,0,1,0,0,0,1
FGFR2,NCAM1,7656,0,0,0,1,0,0,1,1,0,0,0,0,1,4
FGFR2,NCBP1,7658,0,0,0,1,0,0,0,0,0,0,0,0,0,1
FGFR2,NCBP2,7659,0,0,0,1,0,0,0,0,0,0,0,0,0,1
FGFR2,NCKIPSD,15486,0,0,0,0,0,0,0,0,0,0,0,0,1,1
FGFR2,NDRG1,7679,0,0,0,0,0,0,0,0,0,1,0,1,0,2
FGFR2,NEBL,16932,0,0,0,0,0,0,0,0,0,0,0,0,1,1
FGFR2,NECTIN1,9706,0,1,0,0,0,0,0,0,0,0,0,0,1,2
FGFR2,NEDD4,7727,1,1,0,1,0,0,0,1,1,0,1,0,1,7
FGFR2,NEDD4L,7728,0,0,0,1,0,0,0,0,0,0,0,0,0,1
FGFR2,NEK1,7744,0,0,0,0,0,0,0,0,0,0,0,0,1,1
FGFR2,NEK3,7746,0,0,0,0,0,0,0,0,0,0,0,0,1,1
FGFR2,NEK7,13386,0,0,0,0,0,0,0,0,0,0,0,0,1,1
FGFR2,NFIB,7785,0,0,0,0,0,0,0,0,0,1,0,0,0,1
FGFR2,NFYB,7805,0,0,0,1,0,0,0,0,0,0,0,0,0,1
FGFR2,NGF,7808,0,0,0,1,0,0,0,0,0,0,0,0,0,1
FGFR2,NID1,7821,0,0,0,0,0,0,0,0,0,0,0,0,1,1
FGFR2,NISCH,18006,0,0,0,0,0,0,0,0,0,0,0,0,1,1
FGFR2,NOTCH1,7881,0,0,0,1,0,0,0,0,0,0,0,0,0,1
FGFR2,NPC1,7897,0,0,0,0,0,0,0,0,0,1,0,1,0,2
FGFR2,NPTN,17867,0,0,0,0,0,0,0,0,0,0,0,0,1,1
FGFR2,NR2F2,7976,0,0,0,0,0,0,0,0,0,1,0,0,0,1
FGFR2,NRAS,7989,0,0,0,1,0,0,0,0,0,0,0,0,0,1
FGFR2,NRK,25391,0,0,0,0,0,0,0,0,0,0,0,0,1,1
FGFR2,NSUN2,25994,0,0,0,1,0,0,0,0,0,0,0,0,0,1
FGFR2,NTN1,8029,0,0,0,0,0,0,0,0,0,0,0,0,1,1
FGFR2,NTRK1,8031,0,0,0,0,0,0,0,0,0,0,0,0,1,1
FGFR2,NTRK2,8032,0,0,0,0,0,0,0,0,0,1,0,0,1,2
FGFR2,NTRK3,8033,0,0,0,0,0,0,0,0,0,0,0,0,1,1
FGFR2,NUDT6,8053,0,0,0,0,0,0,0,0,0,0,0,0,1,1
FGFR2,OAT,8091,0,0,0,0,0,0,0,0,0,0,0,1,0,1
FGFR2,OBSCN,15719,0,0,0,0,0,0,0,0,0,0,0,0,1,1
FGFR2,OTX2,8522,0,0,0,0,0,0,0,0,0,0,0,0,1,1
FGFR2,PAICS,8587,0,0,0,1,0,0,0,0,0,0,0,0,0,1
FGFR2,PAK4,16059,1,0,0,1,1,0,0,0,1,0,0,0,1,5
FGFR2,PAM,8596,0,0,0,0,0,0,0,0,0,1,0,1,0,2
FGFR2,PBX1,8632,0,0,0,0,0,0,0,0,0,1,0,1,0,2
FGFR2,PCYT2,8756,0,0,0,1,0,0,0,0,0,0,0,0,0,1
FGFR2,PDGFA,8799,0,0,0,1,0,0,0,0,0,0,0,0,0,1
FGFR2,PDGFB,8800,0,0,0,1,0,0,0,0,0,0,0,0,1,2
FGFR2,PDGFC,8801,0,0,0,1,0,0,0,0,0,0,0,0,0,1
FGFR2,PDGFD,30620,0,0,0,1,0,0,0,0,0,0,0,0,0,1
FGFR2,PDGFRA,8803,0,0,0,0,0,0,0,0,0,0,0,0,1,1
FGFR2,PDGFRB,8804,0,0,0,0,0,0,0,0,0,0,0,0,1,1
FGFR2,PDLIM2,13992,1,1,0,0,0,1,1,1,0,0,1,0,1,7
FGFR2,PDP1,9279,0,0,0,1,0,0,0,0,0,0,0,0,0,1
FGFR2,PDP2,30263,0,0,0,1,0,0,0,0,0,0,0,0,0,1
FGFR2,PDPK1,8816,0,0,0,0,0,0,0,0,0,0,0,0,1,1
FGFR2,PDPK2P,49897,0,0,0,0,0,0,0,0,0,0,0,0,1,1
FGFR2,PEG10,14005,0,0,0,0,0,0,0,0,0,1,0,0,0,1
FGFR2,PGF,8893,0,0,0,1,0,0,0,0,0,0,0,0,0,1
FGFR2,PGR,8910,1,1,0,1,0,0,0,1,1,0,1,0,1,7
FGFR2,PHKG2,8931,0,0,0,0,0,0,0,0,0,0,0,0,1,1
FGFR2,PHLDA1,8933,0,0,0,0,0,0,0,0,0,1,0,1,0,2
FGFR2,PHLPP1,20610,0,0,0,1,0,0,0,0,0,0,0,0,0,1
FGFR2,PHLPP2,29149,0,0,0,1,0,0,0,0,0,0,0,0,0,1
FGFR2,PHYH,8940,0,0,0,0,0,0,0,0,0,1,0,1,0,2
FGFR2,PIGB,8959,0,0,0,0,0,0,0,0,0,1,0,1,0,2
FGFR2,PIK3C2B,8972,0,0,0,0,0,0,0,0,0,0,0,0,1,1
FGFR2,PIK3CA,8975,0,0,0,1,0,0,0,0,0,0,0,0,0,1
FGFR2,PIK3CB,8976,0,0,0,1,0,0,0,0,0,0,0,0,0,1
FGFR2,PIK3CD,8977,0,0,0,1,0,0,0,0,0,0,0,0,0,1
FGFR2,PIK3CG,8978,0,0,0,1,0,0,0,0,0,0,0,0,0,1
FGFR2,PIK3R1,8979,1,1,0,1,0,0,0,1,1,1,1,1,1,9
FGFR2,PIK3R2,8980,0,0,0,1,0,0,0,0,0,0,0,0,1,2
FGFR2,PIK3R3,8981,0,0,0,1,0,0,0,0,0,0,0,0,0,1
FGFR2,PIK3R5,30035,0,0,0,1,0,0,0,0,0,0,0,0,0,1
FGFR2,PKM,9021,1,0,0,1,0,1,0,0,0,0,1,0,1,5
FGFR2,PKN2,9406,0,0,0,0,0,0,0,0,0,0,0,0,1,1
FGFR2,PKN3,17999,0,0,0,0,0,0,0,0,0,0,0,0,1,1
FGFR2,PKP4,9026,1,1,0,0,0,0,0,0,0,0,0,0,0,2
FGFR2,PLCB1,15917,0,0,0,1,0,0,0,0,0,0,0,0,0,1
FGFR2,PLCB2,9055,0,0,0,1,0,0,0,0,0,0,0,0,0,1
FGFR2,PLCB3,9056,0,0,0,1,0,0,0,0,0,0,0,0,0,1
FGFR2,PLCB4,9059,0,0,0,1,0,0,0,0,0,0,0,0,0,1
FGFR2,PLCG1,9065,1,1,1,1,1,1,0,1,1,0,1,0,1,10
FGFR2,PLCG2,9066,0,0,0,1,0,0,0,0,0,0,0,0,0,1
FGFR2,PLK3,2154,0,0,0,0,0,0,0,0,0,0,0,0,1,1
FGFR2,PMP22,9118,0,0,0,0,0,0,0,0,0,1,0,0,0,1
FGFR2,PNPLA6,16268,0,0,0,1,0,0,0,0,0,0,0,0,0,1
FGFR2,PNPLA7,24768,0,0,0,1,0,0,0,0,0,0,0,0,0,1
FGFR2,POLR2A,9187,0,0,0,1,0,0,0,0,0,0,0,0,0,1
FGFR2,POLR2B,9188,0,0,0,1,0,0,0,0,0,0,0,0,0,1
FGFR2,POLR2C,9189,0,0,0,1,0,0,0,0,0,0,0,0,0,1
FGFR2,POLR2D,9191,0,0,0,1,0,0,0,0,0,0,0,0,0,1
FGFR2,POLR2E,9192,0,0,0,1,0,0,0,0,0,0,0,0,0,1
FGFR2,POLR2F,9193,0,0,0,1,0,0,0,0,0,0,0,0,0,1
FGFR2,POLR2G,9194,0,0,0,1,0,0,0,0,0,0,0,0,0,1
FGFR2,POLR2H,9195,0,0,0,1,0,0,0,0,0,0,0,0,0,1
FGFR2,POLR2I,9196,0,0,0,1,0,0,0,0,0,0,0,0,0,1
FGFR2,POLR2J,9197,0,0,0,1,0,0,0,0,0,0,0,0,0,1
FGFR2,POLR2K,9198,0,0,0,1,0,0,0,0,0,0,0,0,0,1
FGFR2,POLR2L,9199,0,0,0,1,0,0,0,0,0,0,0,0,0,1
FGFR2,POMK,26267,0,0,0,0,0,0,0,0,0,0,0,0,1,1
FGFR2,POTEE,33895,0,0,0,1,0,0,0,0,0,0,0,0,0,1
FGFR2,POTEF,33905,0,0,0,1,0,0,0,0,0,0,0,0,0,1
FGFR2,POTEI,37093,0,0,0,1,0,0,0,0,0,0,0,0,0,1
FGFR2,POTEJ,37094,0,0,0,1,0,0,0,0,0,0,0,0,0,1
FGFR2,PP2D1,28406,0,0,0,1,0,0,0,0,0,0,0,0,0,1
FGFR2,PPARG,9236,0,0,0,0,0,0,0,0,0,1,0,1,0,2
FGFR2,PPEF1,9243,0,0,0,1,0,0,0,0,0,0,0,0,0,1
FGFR2,PPEF2,9244,0,0,0,1,0,0,0,0,0,0,0,0,0,1
FGFR2,PPM1A,9275,1,1,0,1,0,1,0,1,1,0,1,0,1,8
FGFR2,PPM1B,9276,0,0,0,1,0,0,0,0,0,0,0,0,0,1
FGFR2,PPM1D,9277,0,0,0,1,0,0,0,0,0,0,0,0,0,1
FGFR2,PPM1E,19322,0,0,0,1,0,0,0,0,0,0,0,0,0,1
FGFR2,PPM1F,19388,0,0,0,1,0,0,0,0,0,0,0,0,0,1
FGFR2,PPM1G,9278,0,0,0,1,0,0,0,0,0,0,0,0,0,1
FGFR2,PPM1K,25415,0,0,0,1,0,0,0,0,0,0,0,0,0,1
FGFR2,PPM1L,16381,0,0,0,1,0,0,0,0,0,0,0,0,0,1
FGFR2,PPM1N,26845,0,0,0,1,0,0,0,0,0,0,0,0,0,1
FGFR2,PPP1R12A,7618,0,0,0,0,0,0,0,0,0,1,0,0,0,1
FGFR2,PPP2CA,9299,0,0,0,1,0,0,0,0,0,0,0,0,0,1
FGFR2,PPP2CB,9300,0,0,0,1,0,0,0,0,0,0,0,0,0,1
FGFR2,PPP3CA,9314,0,0,0,1,0,0,0,0,0,0,0,0,0,1
FGFR2,PPP3CB,9315,0,0,0,1,0,0,0,0,0,0,0,0,0,1
FGFR2,PPP3CC,9316,0,0,0,1,0,0,0,0,0,0,0,0,0,1
FGFR2,PPP4C,9319,0,0,0,1,0,0,0,0,0,0,0,0,0,1
FGFR2,PPP5C,9322,0,0,0,1,0,0,0,0,0,0,0,0,1,2
FGFR2,PPP5D1,44209,0,0,0,1,0,0,0,0,0,0,0,0,0,1
FGFR2,PPTC7,30695,0,0,0,1,0,0,0,0,0,0,0,0,0,1
FGFR2,PRDM10,13995,0,0,0,1,0,0,0,0,0,0,0,0,0,1
FGFR2,PRKACB,9381,0,0,0,0,0,0,0,0,0,0,0,0,1,1
FGFR2,PRKCB,9395,0,0,0,0,0,0,0,0,0,0,0,0,1,1
FGFR2,PRKCG,9402,0,0,0,0,0,0,0,0,0,0,0,0,1,1
FGFR2,PRKCI,9404,0,0,0,0,0,0,0,0,0,0,0,0,1,1
FGFR2,PRKCQ,9410,0,0,0,0,0,0,0,0,0,0,0,0,1,1
FGFR2,PRKCZ,9412,0,0,0,0,0,0,0,0,0,0,0,0,1,1
FGFR2,PRKD1,9407,0,0,0,0,0,0,0,0,0,0,0,0,1,1
FGFR2,PRKD2,17293,0,0,0,0,0,0,0,0,0,0,0,0,1,1
FGFR2,PRKD3,9408,0,0,0,0,0,0,0,0,0,0,0,0,1,1
FGFR2,PRKG2,9416,0,0,0,0,0,0,0,0,0,0,0,0,1,1
FGFR2,PTBP1,9583,0,0,0,0,0,0,0,0,0,0,0,1,0,1
FGFR2,PTEN,9588,0,0,0,1,0,0,0,0,0,0,0,0,0,1
FGFR2,PTGER1,9593,0,0,0,0,0,0,0,0,0,0,0,0,1,1
FGFR2,PTK2,9611,0,0,0,0,0,0,0,0,0,1,0,1,1,3
FGFR2,PTK2B,9612,1,0,0,1,1,0,0,0,1,0,0,0,1,5
FGFR2,PTK6,9617,0,0,0,0,0,0,0,0,0,0,0,0,1,1
FGFR2,PTP4A2,9635,0,0,0,0,0,0,0,0,0,1,0,1,0,2
FGFR2,PTPN1,9642,0,0,0,0,0,0,0,0,0,0,0,0,1,1
FGFR2,PTPN11,9644,0,1,0,1,0,0,0,0,0,0,0,0,1,3
FGFR2,PTPN12,9645,0,1,0,0,0,0,0,0,0,0,0,0,0,1
FGFR2,PTPN13,9646,0,0,0,0,0,0,0,0,0,0,0,1,0,1
FGFR2,PTPN22,9652,0,0,0,0,0,0,0,0,0,0,0,0,1,1
FGFR2,PTPN6,9658,0,1,0,0,0,0,0,0,0,0,0,0,1,2
FGFR2,PTPRC,9666,0,0,0,1,0,0,0,0,0,0,0,0,0,1
FGFR2,PTPRD,9668,0,0,0,0,0,0,0,0,0,0,0,0,1,1
FGFR2,PTPRF,9670,0,0,0,0,0,0,0,0,0,0,0,1,1,2
FGFR2,PTPRG,9671,0,0,0,1,0,0,0,0,0,0,0,0,0,1
FGFR2,PTPRR,9680,0,1,0,0,0,0,0,0,0,0,0,0,0,1
FGFR2,PTPRZ1,9685,0,0,0,1,0,0,0,0,0,0,0,0,0,1
FGFR2,PTX3,9692,0,0,0,0,0,0,0,0,0,0,0,0,1,1
FGFR2,PXK,23326,0,0,0,0,0,0,0,0,0,0,0,0,1,1
FGFR2,RAB23,14263,0,0,0,1,0,0,0,0,0,0,0,0,0,1
FGFR2,RAB5A,9783,0,0,0,0,0,0,0,0,0,1,0,1,0,2
FGFR2,RABGAP1,17155,0,0,0,0,0,0,0,0,0,0,0,1,0,1
FGFR2,RAD51B,9822,0,0,0,1,0,0,0,0,0,0,0,0,0,1
FGFR2,RAET1E,16793,1,1,0,0,0,0,0,0,0,0,0,0,0,2
FGFR2,RAF1,9829,0,0,0,0,0,0,0,0,0,0,0,0,1,1
FGFR2,RASA1,9871,0,0,0,0,0,0,0,1,0,0,0,1,1,3
FGFR2,RASL10B,30295,1,1,0,0,0,1,1,1,0,0,1,0,1,7
FGFR2,RBPJ,5724,0,0,0,0,0,0,0,0,0,1,0,1,0,2
FGFR2,RBPMS,19097,0,0,0,0,0,0,0,0,0,0,0,1,0,1
FGFR2,RET,9967,0,0,0,0,0,0,0,0,0,0,0,0,1,1
FGFR2,RHOBTB2,18756,1,1,0,0,0,1,1,1,0,0,1,0,1,7
FGFR2,RNF41,18401,0,0,0,1,0,0,0,0,0,0,0,0,0,1
FGFR2,ROBO1,10249,0,0,0,0,0,0,0,0,0,0,0,0,1,1
FGFR2,ROCK2,10252,0,0,0,0,0,0,0,0,0,0,0,0,1,1
FGFR2,ROR1,10256,0,0,0,0,0,0,0,0,0,0,0,0,1,1
FGFR2,ROR2,10257,0,0,0,0,0,0,0,0,0,0,0,0,1,1
FGFR2,ROS1,10261,0,0,0,0,0,0,0,1,0,0,0,0,1,2
FGFR2,RPS6KA1,10430,1,1,0,0,0,0,0,0,0,0,0,0,0,2
FGFR2,RPS6KA2,10431,1,1,0,0,0,0,0,0,0,0,0,0,0,2
FGFR2,RPS6KA3,10432,1,1,0,0,0,0,0,0,0,0,0,0,0,2
FGFR2,RPS6KA5,10434,0,0,0,0,0,0,0,0,0,0,0,0,1,1
FGFR2,RPS6KC1,10439,0,0,0,0,0,0,0,0,0,0,0,0,1,1
FGFR2,RRM1,10451,0,0,0,1,0,0,0,0,0,0,0,0,0,1
FGFR2,RUNX2,10472,0,0,0,1,0,0,0,0,0,0,0,0,0,1
FGFR2,RYK,10481,0,0,0,0,0,0,0,0,0,0,0,0,1,1
FGFR2,S100A11P1,10491,1,1,0,0,0,1,1,1,0,0,1,0,1,7
FGFR2,S100A13,10490,0,0,0,0,0,0,0,0,0,0,0,0,1,1
FGFR2,SALL4,15924,0,0,0,1,0,0,0,0,0,0,0,0,0,1
FGFR2,SDC1,10658,0,0,0,0,0,0,0,0,0,1,0,0,0,1
FGFR2,SDC2,10659,1,1,0,0,0,0,0,0,0,0,0,0,0,2
FGFR2,SDC3,10660,0,0,0,0,0,0,0,0,0,0,0,0,1,1
FGFR2,SEC24A,10703,0,0,0,0,0,0,0,0,0,1,0,1,0,2
FGFR2,SEC61G,18277,0,0,0,0,0,0,0,0,0,1,0,1,0,2
FGFR2,SELENBP1,10719,0,0,0,0,0,0,0,0,0,0,0,1,0,1
FGFR2,SEM1,10845,0,0,0,0,0,0,0,0,0,1,0,0,0,1
FGFR2,SEMA3C,10725,0,0,0,0,0,0,0,0,0,1,0,1,0,2
FGFR2,SEMA6A,10738,0,0,0,0,0,0,0,0,0,1,0,0,0,1
FGFR2,SEPT7,1717,0,0,0,0,0,0,0,0,0,1,0,0,0,1
FGFR2,SERINC1,13464,0,0,0,0,0,0,0,0,0,0,0,1,0,1
FGFR2,SERTAD2,30784,0,0,0,0,0,0,0,0,0,1,0,1,0,2
FGFR2,SGK3,10812,0,0,0,0,0,0,0,0,0,0,0,0,1,1
FGFR2,SH2B2,17381,0,0,0,0,0,0,0,0,0,0,0,0,1,1
FGFR2,SH3BP5,10827,0,0,0,0,0,0,0,0,0,0,0,1,0,1
FGFR2,SH3GL1,10830,0,0,0,1,0,0,0,0,0,0,0,0,0,1
FGFR2,SH3GL2,10831,0,0,0,1,0,0,0,0,0,0,0,0,0,1
FGFR2,SH3GL3,10832,0,0,0,1,0,0,0,0,0,0,0,0,0,1
FGFR2,SH3GLB1,10833,0,0,0,1,0,0,0,0,0,0,0,0,0,1
FGFR2,SH3GLB2,10834,0,0,0,1,0,0,0,0,0,0,0,0,0,1
FGFR2,SH3KBP1,13867,0,0,0,1,0,0,0,0,0,0,0,0,0,1
FGFR2,SHANK2,14295,0,0,0,0,0,0,0,0,0,1,0,0,1,2
FGFR2,SHB,10838,0,0,0,0,0,0,0,0,0,0,0,0,1,1
FGFR2,SHC1,10840,0,0,0,1,0,0,0,1,0,0,0,0,1,3
FGFR2,SHC2,29869,0,0,0,1,0,0,0,0,0,0,0,0,0,1
FGFR2,SHC3,18181,0,0,0,1,0,0,0,0,0,0,0,0,0,1
FGFR2,SHC4,16743,0,0,0,1,0,0,0,0,0,0,0,0,0,1
FGFR2,SHH,10848,0,0,0,1,0,0,0,0,0,0,0,0,0,1
FGFR2,SIGLEC12,15482,1,1,0,0,0,0,0,0,0,0,0,0,0,2
FGFR2,SIK2,21680,0,0,0,0,0,0,0,0,0,0,0,0,1,1
FGFR2,SLAMF6,21392,0,0,0,0,0,0,0,0,0,0,0,0,1,1
FGFR2,SLC4A3,11029,0,0,0,0,0,0,0,0,0,0,0,0,1,1
FGFR2,SLC9A6,11079,1,1,0,0,0,0,0,0,0,0,0,0,0,2
FGFR2,SLIT1,11085,0,0,0,0,0,0,0,0,0,0,0,0,1,1
FGFR2,SLIT2,11086,0,0,0,0,0,0,0,0,0,0,0,0,1,1
FGFR2,SLMAP,16643,0,0,0,1,0,0,0,0,0,0,0,0,0,1
FGFR2,SMAD2,6768,0,0,0,0,0,0,0,0,0,0,0,1,0,1
FGFR2,SMARCA2,11098,0,0,0,1,0,0,0,0,0,0,0,0,0,1
FGFR2,SMARCA4,11100,0,0,0,1,0,0,0,0,0,0,0,0,0,1
FGFR2,SMARCB1,11103,0,0,0,1,0,0,0,0,0,0,0,0,0,1
FGFR2,SMURF1,16807,0,0,0,1,0,0,0,0,0,0,0,0,0,1
FGFR2,SMURF2,16809,0,0,0,1,0,0,0,0,0,0,0,0,0,1
FGFR2,SNRPN,11164,0,0,0,0,0,0,0,0,0,1,0,1,0,2
FGFR2,SNX22,16315,1,1,0,0,0,0,0,0,0,0,0,0,0,2
FGFR2,SNX24,21533,1,1,0,0,0,0,0,0,0,0,0,0,0,2
FGFR2,SOS1,11187,0,0,0,1,0,0,0,0,0,0,0,0,1,2
FGFR2,SOS2,11188,0,0,0,1,0,0,0,0,0,0,0,0,0,1
FGFR2,SOX6,16421,0,0,0,1,0,0,0,0,0,0,0,0,0,1
FGFR2,SP3,11208,0,0,0,0,0,0,0,0,0,1,0,1,0,2
FGFR2,SPEG,16901,0,0,0,0,0,0,0,0,0,0,0,0,1,1
FGFR2,SPEN,17575,0,0,0,0,0,0,0,0,0,1,0,1,0,2
FGFR2,SPP1,11255,0,0,0,0,0,0,0,0,0,0,0,0,1,1
FGFR2,SPRY1,11269,0,0,0,0,0,0,0,0,0,0,0,0,1,1
FGFR2,SPRY2,11270,0,0,0,1,0,0,0,0,0,0,0,0,1,2
FGFR2,SPRY3,11271,0,0,0,0,0,0,0,0,0,0,0,0,1,1
FGFR2,SPTBN1,11275,0,0,0,0,0,0,0,0,0,0,0,0,1,1
FGFR2,SRC,11283,0,0,0,1,0,0,0,1,0,0,0,0,1,3
FGFR2,SRMS,11298,0,0,0,0,0,0,0,0,0,0,0,0,1,1
FGFR2,SSX2,11336,0,0,0,0,0,0,0,0,0,0,0,0,1,1
FGFR2,STAT3,11364,1,1,0,1,0,0,0,1,1,0,1,0,1,7
FGFR2,STAT5A,11366,1,1,0,1,0,0,0,1,1,0,1,0,1,7
FGFR2,STAT5B,11367,1,1,0,1,0,0,0,1,1,0,1,0,1,7
FGFR2,STK24,11403,0,0,0,0,0,0,0,0,0,0,0,0,1,1
FGFR2,STK25,11404,0,0,0,0,0,0,0,0,0,0,0,0,1,1
FGFR2,STRA6,30650,0,0,0,1,0,0,0,0,0,0,0,0,0,1
FGFR2,SYK,11491,0,0,0,0,0,0,0,0,0,0,0,0,1,1
FGFR2,SYNJ2,11504,0,0,0,0,0,0,0,0,0,0,0,0,1,1
FGFR2,TAB1,18157,0,0,0,1,0,0,0,0,0,0,0,0,0,1
FGFR2,TAOK1,29259,0,0,0,0,0,0,0,0,0,0,0,0,1,1
FGFR2,TAOK2,16835,0,0,0,0,0,0,0,0,0,0,0,0,1,1
FGFR2,TCF7L2,11641,0,0,0,0,0,0,0,0,0,0,0,1,0,1
FGFR2,TEC,11719,0,0,0,0,0,0,0,0,0,0,0,0,1,1
FGFR2,TEK,11724,0,0,0,0,0,0,0,0,0,0,0,0,1,1
FGFR2,TESK1,11731,0,0,0,0,0,0,0,0,0,0,0,0,1,1
FGFR2,TESK2,11732,0,0,0,0,0,0,0,0,0,0,0,0,1,1
FGFR2,TEX28,2563,0,0,0,0,0,0,0,0,0,0,0,0,1,1
FGFR2,TF,11740,0,0,0,0,0,0,0,0,0,0,0,0,1,1
FGFR2,TFF1,11755,1,1,0,0,0,1,1,1,0,0,1,0,1,7
FGFR2,TGFA,11765,0,0,0,1,0,0,0,0,0,0,0,0,0,1
FGFR2,TGFB1,11766,0,0,0,1,0,0,0,0,0,0,0,0,0,1
FGFR2,TGFBR1,11772,0,0,0,0,0,0,0,0,0,0,0,0,1,1
FGFR2,TGFBR2,11773,0,0,0,0,0,0,0,0,0,0,0,0,1,1
FGFR2,THBS1,11785,0,0,0,0,0,0,0,0,0,0,0,0,1,1
FGFR2,TIE1,11809,0,0,0,0,0,0,0,0,0,0,0,0,1,1
FGFR2,TIMM50,23656,0,0,0,0,0,0,0,0,0,0,0,0,1,1
FGFR2,TIMP1,11820,1,1,0,0,0,0,0,0,0,0,0,0,0,2
FGFR2,TIMP2,11821,0,0,0,0,0,0,0,0,0,1,0,1,0,2
FGFR2,TKT,11834,0,0,0,0,0,0,0,0,0,0,0,1,0,1
FGFR2,TLK1,11841,0,0,0,0,0,0,0,0,0,1,0,0,0,1
FGFR2,TMEM30B,27254,1,1,0,0,0,0,0,0,0,0,0,0,0,2
FGFR2,TMEM33,25541,0,0,0,0,0,0,0,0,0,0,0,1,0,1
FGFR2,TNFSF10,11925,0,0,0,0,0,0,0,0,0,1,0,0,0,1
FGFR2,TNIK,30765,0,0,0,0,0,0,0,0,0,0,0,0,1,1
FGFR2,TNK1,11940,0,0,0,0,0,0,0,0,0,0,0,0,1,1
FGFR2,TNK2,19297,0,0,0,0,0,0,0,0,0,0,0,0,1,1
FGFR2,TNN,22942,0,0,0,0,0,0,0,0,0,0,0,0,1,1
FGFR2,TNPO1,6401,0,0,0,0,0,0,0,0,0,1,0,1,0,2
FGFR2,TOB1,11979,0,0,0,0,0,0,0,0,0,1,0,0,0,1
FGFR2,TOX3,11972,0,0,0,1,0,0,0,0,0,0,0,0,0,1
FGFR2,TP53,11998,0,0,0,1,0,0,0,0,0,0,0,0,0,1
FGFR2,TPD52,12005,0,0,0,0,0,0,0,0,0,1,0,1,0,2
FGFR2,TPM2,12011,0,0,0,1,0,0,0,0,0,0,0,0,0,1
FGFR2,TRAF6,12036,0,0,0,1,0,0,0,0,0,0,0,0,0,1
FGFR2,TREX2,12270,0,0,0,0,0,0,0,0,0,0,0,0,1,1
FGFR2,TRIM2,15974,0,0,0,0,0,0,0,0,0,0,0,1,0,1
FGFR2,TRIO,12303,0,0,0,0,0,0,0,0,0,0,0,0,1,1
FGFR2,TRPM2,12339,0,0,0,0,0,0,0,0,0,0,0,0,1,1
FGFR2,TSPAN3,17752,1,1,0,0,0,0,0,0,0,1,1,0,1,5
FGFR2,TTBK2,19141,0,0,0,0,0,0,0,0,0,0,0,0,1,1
FGFR2,TTC37,23639,0,0,0,0,0,0,0,0,0,1,0,0,0,1
FGFR2,TTLL10,26693,0,0,0,0,0,0,0,0,0,0,0,0,1,1
FGFR2,TTN,12403,0,0,0,0,0,0,0,0,0,0,0,0,1,1
FGFR2,TUSC2,17034,0,0,0,1,0,0,0,0,0,0,0,0,0,1
FGFR2,TWF1,9620,0,0,0,1,0,0,0,0,0,0,0,0,0,1
FGFR2,TWIST1,12428,0,0,0,1,0,0,0,0,0,0,0,0,1,2
FGFR2,TWIST2,20670,0,0,0,1,0,0,0,0,0,0,0,0,0,1
FGFR2,TXK,12434,0,0,0,0,0,0,0,0,0,0,0,0,1,1
FGFR2,TXNIP,16952,0,0,0,0,0,0,0,0,0,1,0,0,0,1
FGFR2,TYRO3,12446,0,0,0,0,0,0,0,0,0,0,0,0,1,1
FGFR2,U2SURP,30855,1,1,0,0,0,0,0,0,0,0,0,0,0,2
FGFR2,UBA52,12458,0,0,0,1,0,0,0,0,0,0,0,0,0,1
FGFR2,UBC,12468,0,0,0,0,0,0,0,1,1,0,0,0,0,2
FGFR2,UBE4A,12499,1,1,0,0,0,0,0,0,0,0,0,0,0,2
FGFR2,UBXN4,14860,1,1,0,0,0,0,0,0,0,0,0,0,0,2
FGFR2,ULK1,12558,0,0,0,0,0,0,0,0,0,0,0,0,1,1
FGFR2,ULK3,19703,0,0,0,0,0,0,0,0,0,0,0,0,1,1
FGFR2,UMPS,12563,0,0,0,1,0,0,0,0,0,0,0,0,0,1
FGFR2,VCAM1,12663,0,0,0,0,0,0,0,0,0,0,0,0,1,1
FGFR2,VEGFA,12680,0,0,0,1,0,0,0,0,0,0,0,0,0,1
FGFR2,VEGFB,12681,0,0,0,1,0,0,0,0,0,0,0,0,0,1
FGFR2,VEGFC,12682,0,0,0,1,0,0,0,0,0,0,0,0,0,1
FGFR2,VEGFD,3708,0,0,0,1,0,0,0,0,0,0,0,0,0,1
FGFR2,VRK3,18996,0,0,0,0,0,0,0,0,0,0,0,0,1,1
FGFR2,WNK1,14540,0,0,0,0,0,0,0,0,0,0,0,0,1,1
FGFR2,WNK4,14544,0,0,0,0,0,0,0,0,0,0,0,0,1,1
FGFR2,WNT1,12774,0,0,0,1,0,0,0,0,0,0,0,0,0,1
FGFR2,WNT2,12780,0,0,0,1,0,0,0,0,0,0,0,0,0,1
FGFR2,WNT2B,12781,0,0,0,1,0,0,0,0,0,0,0,0,0,1
FGFR2,WNT3,12782,0,0,0,1,0,0,0,0,0,0,0,0,0,1
FGFR2,WNT3A,15983,0,0,0,1,0,0,0,0,0,0,0,0,0,1
FGFR2,WNT4,12783,0,0,0,1,0,0,0,0,0,0,0,0,0,1
FGFR2,WNT5A,12784,0,0,0,1,0,0,0,0,0,0,0,0,0,1
FGFR2,WNT7A,12786,0,0,0,1,0,0,0,0,0,0,0,0,0,1
FGFR2,WNT7B,12787,0,0,0,1,0,0,0,0,0,0,0,0,0,1
FGFR2,WWOX,12799,0,0,0,1,0,0,0,0,0,0,0,0,0,1
FGFR2,WWP1,17004,0,0,0,1,0,0,0,0,0,0,0,0,0,1
FGFR2,XPR1,12827,1,1,0,0,0,0,0,0,0,0,0,0,0,2
FGFR2,YWHAQ,12854,0,0,0,0,0,0,0,0,0,1,0,1,0,2
FGFR2,YWHAZ,12855,1,0,0,1,0,1,1,1,1,0,1,0,1,8
FGFR2,ZAP70,12858,0,0,0,0,0,0,0,0,0,0,0,0,1,1
FGFR2,ZBTB18,13030,0,0,0,0,0,0,0,0,0,1,0,0,0,1
FGFR2,ZFP36L2,1108,0,0,0,0,0,0,0,0,0,1,0,1,0,2
FGFR2,ZFP64,15940,0,0,0,1,0,0,0,0,0,0,0,0,0,1
FGFR2,ZKSCAN7,12955,0,0,0,1,0,0,0,0,0,0,0,0,0,1
FGFR2,ZNF135,12919,0,0,0,0,0,0,0,0,0,1,0,1,0,2
FGFR2,ZNF395,18737,0,0,0,0,0,0,0,0,0,0,0,1,0,1
